{
  "Lorem ipsum dolor sit amet, consectetur adipisicing elit": {
    " Aliquid commodi consequatur eligendi impedit incidunt necessitatibus possimus quis saepe sunt totam": {
      "": ""
    }
  },
  "PROFILE PAGE": "",
  "decrement": "decrement",
  "increment": "increment",
  "throw error": "throw error",
  "Ваш возраст": "Ваш возраст",
  "Ваша фамилия": "Ваша фамилия",
  "Ваше имя": "Ваше имя",
  "Введите username": "Введите username",
  "Введите имя пользователя": "Введите имя пользователя",
  "Введите пароль": "Введите пароль",
  "Введите ссылку на аватар": "Введите ссылку на аватар",
  "Войти": "Войти",
  "Вы ввели неверный логин или пароль": "",
  "Выйти": "",
  "Главная": "Главная",
  "Главная страница": "Главная страница",
  "Город": "Город",
  "Данные не указаны": "Данные не указаны",
  "Имя и фамилия обязательны": "Имя и фамилия обязательны",
  "Некорректный возраст": "Некорректный возраст",
  "Некорректный регион": "Некорректный регион",
  "О сайте": "О сайте",
  "О сайте123123": "О сайте123123",
  "Обновить страницу": "Обновить страницу",
  "Отменить": "Отменить",
  "Переключить": "Переключить",
  "Попробуйте обновить страницу": "Попробуйте обновить страницу",
  "Произошла непредвиденная ошибка": "Произошла непредвиденная ошибка",
  "Произошла ошибка при загрузке профиля": "Произошла ошибка при загрузке профиля",
  "Профиль": "Профиль",
  "Редактировать": "Редактировать",
  "Серверная ошибка при сохранении": "Серверная ошибка при сохранении",
  "Сохранить": "Сохранить",
  "Страница не найдена": "Страница не найдена",
  "Укажите валюту": "",
  "Укажите страну": "",
  "Форма авторизации": "",
  "Язык": "Язык"
}
