{
  "posts": [
    {
      "id": "1",
      "title": "json-server",
      "userId": "1"
    },
    {
      "id": "2",
      "title": "json-server",
      "userId": "2"
    }
  ],
  "comments": [
    {
      "id": "1",
      "body": "some comment",
      "postId": "1"
    }
  ],
  "users": [
    {
      "id": "1",
      "username": "admin",
      "password": "123"
    }
  ],
  "profile": {
    "first": "jgh",
    "lastname": "asf",
    "age": 465,
    "currency": "RUB",
    "country": "Belarus",
    "city": "Moscow",
    "username": "admin213",
    "avatar": "https://yt3.ggpht.com/ytc/AAUvwngFzM_Rf6MNwOnFcuphoj93k7VFjlIrj-kSMxbh=s900-c-k-c0x00ffffff-no-rj"
  }
}